id;identifier;name;encryption_key
1;Texas firewall;Borders;human-resource Awesome Lucia
2;Generic payment Togo;Generic bleeding-edge;Buckinghamshire Wyoming
3;Account blue Awesome;Infrastructure HDD Associate;payment Representative
4;Cambridgeshire;Devolved Checking Loan;implement pricing Practical
5;Ergonomic;encryption Cambridgeshire Montana;invoice azure
6;green South Common;Lock;vortals Barbados Ergonomic
7;black Bedfordshire;Table;matrix Liberia Personal
8;capacitor Tools Euro;scale Shirt;Granite Steel Movies
9;Krone Checking Shoes;Sausages;Pike Toys
10;Licensed invoice Applications;Ergonomic Movies Rubber;back-end compelling Planner
