id;name;birth;status;country;city
1;Integration Integrated;2022-02-24T09:12:36;Total;Malaysia;New Khalil
2;Missouri Aruban Gold;2022-02-24T03:09:23;Metal;Australia;Denaburgh
3;hacking violet;2022-02-24T09:04:53;Chair;Iran;Greenholttown
4;HTTP Account Creative;2022-02-23T14:52:45;Card Chicken web-readiness;Martinique;Runolfsdottirburgh
5;Rubber;2022-02-23T18:49:39;Moldovan Keyboard;Japan;Rubyburgh
6;tan superstructure;2022-02-24T09:31:57;Movies copying cultivate;Uruguay;North Roxanetown
7;frame EXE blue;2022-02-24T06:03:49;Cambridgeshire;Peru;Adrianamouth
8;Borders Industrial paradigms;2022-02-24T04:44:09;clicks-and-mortar;Rwanda;Port Ludwigmouth
9;Tasty Won Massachusetts;2022-02-24T02:00:30;Concrete;Algeria;North Joshuatown
10;Interactions Generic matrix;2022-02-23T18:08:53;grey Sleek frictionless;Dominica;Garrettport
